INSERT INTO public.Queso (id, codigo, nomenclatura, tipo_queso, stock)
VALUES (1, '001', 'C', 'Cremoso', 70),
       (2, '002', 'B', 'Barra', 0),
       (3, '003', 'S', 'Sardo', 53),
       (4, '004', 'P', 'Pategras', 50),
       (5, '005', 'M', 'Muzzarella', 31),
       (6, '006', 'CH', 'Chedar', 32),
       (7, '007', 'PS', 'Por Salut', 12),
       (8, '008', 'SE', 'Sardo Estacionado', 40),
       (9, '009', 'F', 'Fontina', 67),
       (10, '010', 'R', 'Ricota', 0),
       (11, '011', 'CC', 'Cremoso x Kilo', 4),
       (12, '012', 'SC', 'Sardo Cabra', 100),
       (13, '013', 'SCS', 'Sardo Cabra Saborizado', 13),
       (14, '014', 'SS', 'Sardo Saborizado', 54),
       (15, '015', 'BV', 'Bouche Vaca', 4),
       (16, '016', 'BC', 'Bouche Cabra', 1),
       (17, '017', 'Cam', 'Camembert', 12),
       (18, '018', 'Az', 'Azul', 32),
       (19, '019', 'Mig', 'Miguelacho', 12),
       (20, '020', 'Crema', 'Crema', 10);

INSERT INTO public.Lote (fecha_elaboracion, numero_tina, litros_leche, cant_hormas, id_queso,
                         id, peso, rendimiento, stock_lote)
VALUES ('2021-10-22', 1, 4900, 124, 2, '221020210021', 526.7, 10.75, 0),
       ('2021-10-22', 2, 6500, 228, 1, '221020210012', 842.5, 12.96, 0),
       ('2021-10-22', 3, 6537, 242, 1, '221020210013', 938.8, 14.36, 0),
       ('2021-10-22', 7, 6524, 238, 1, '221020210017', 939.25, 14.40, 0),
       ('2021-10-25', 1, 4700, 119, 2, '251020210021', 491.8, 10.46, 0),
       ('2021-10-25', 2, 4700, 112, 2, '251020210022', 439.75, 9.36, 0),
       ('2021-10-25', 3, 3000, 115, 1, '251020210013', 420.45, 14.02, 0),
       ('2021-10-25', 4, 1050, 26, 6, '251020210064', 107.55, 10.24, 0),
       ('2021-10-25', 5, 3800, 97, 3, '251020210035', 103, 2.71, 0),
       ('2021-10-25', 6, 4400, 115, 5, '251020210056', 487.4, 11.08, 0),
       ('2021-10-25', 7, 2900, 424, 7, '251020210077', 357.7, 12.33, 0),
       ('2021-10-25', 8, 1050, 12, 9, '251020210098', 0, 0.00, 0),
       ('2021-10-25', 9, 4000, 92, 2, '251020210029', 411.1, 10.28, 0),
       ('2021-10-26', 1, 5000, 124, 2, '261020210021', 518.25, 10.37, 0),
       ('2021-10-26', 2, 6540, 229, 1, '261020210012', 884.8, 13.53, 0),
       ('2021-10-26', 3, 6577, 238, 1, '261020210013', 954.65, 14.51, 0),
       ('2021-10-26', 4, 1050, 30, 5, '261020210054', 121.1, 11.53, 0),
       ('2021-10-26', 5, 4950, 123, 2, '261020210025', 525.35, 10.61, 0),
       ('2021-10-26', 6, 6500, 218, 1, '261020210016', 845.8, 13.01, 0),
       ('2021-10-26', 7, 6587, 240, 1, '261020210017', 919.3, 13.96, 0),
       ('2021-10-26', 10, 6250, 216, 1, '2610202100110', 855.3, 13.68, 0),
       ('2021-10-27', 1, 4900, 130, 2, '271020210021', 535.5, 10.93, 0),
       ('2021-10-27', 2, 6500, 230, 1, '271020210012', 907.15, 13.96, 0),
       ('2021-10-27', 3, 6560, 243, 1, '271020210013', 982.3, 14.97, 0),
       ('2021-10-27', 4, 1050, 27, 5, '271020210054', 114.55, 10.91, 0),
       ('2021-10-27', 5, 4950, 127, 2, '271020210025', 535.1, 10.81, 0),
       ('2021-10-27', 6, 6500, 232, 1, '271020210016', 900.8, 13.86, 0),
       ('2021-10-27', 7, 6561, 232, 1, '271020210017', 905.5, 13.80, 0),
       ('2021-10-27', 10, 6550, 225, 1, '2710202100110', 854.85, 13.05, 0),
       ('2021-10-28', 1, 5000, 132, 2, '281020210021', 554.5, 11.09, 0),
       ('2021-10-28', 2, 6550, 238, 1, '281020210012', 934.6, 14.27, 0),
       ('2021-10-28', 3, 6560, 256, 1, '281020210013', 980.8, 14.95, 0),
       ('2021-10-28', 5, 4900, 119, 2, '281020210025', 492.1, 10.04, 0),
       ('2021-10-28', 6, 6500, 228, 1, '281020210016', 867.15, 13.34, 0),
       ('2021-10-28', 7, 6538, 248, 1, '281020210017', 940.6, 14.39, 0),
       ('2021-10-28', 10, 6500, 228, 1, '2810202100110', 896.75, 13.80, 0),
       ('2021-10-28', 11, 6420, 242, 1, '2810202100111', 912.45, 14.21, 0);

INSERT INTO public.tipo_cliente (id, tipo)
VALUES (1, 'Mayorista'),
       (2, 'Minorista'),
       (3, 'Particular'),
       (4, 'Kosher'),
       (5, 'Paraguay'),
       (6, 'Tercerizado');

INSERT INTO public.cliente (nro_cliente, razon_social, id_tipo_cliente, cuit, domicilio, cod_postal, localidad,
                            provincia,
                            pais, transporte, senasa_uta)
VALUES ('101', 'ABDALA, Gustavo', 1, '20-21641332-7', 'Jacob 2830', '3080', 'Esperanza', 'Santa Fe', 'Argentina',
        'Familia Noroña S.A.', '113754'),
       ('102', 'ALBERTINAZZI, Olga Pompeya', 1, '27-11295032-5', 'Hipólito Yrigoyen 1442', '3560', 'Reconquista',
        'Santa Fe', 'Argentina', 'Cerutti, Pablo', '94265'),
       ('103', 'ALEGRI, José César', 1, '20-11660282-3', 'Av. Centenario 4797', '', 'Espeleta',
        'Buenos Aires', 'Argentina', 'Bianchi', '83200'),
       ('104', 'ANGELINO, Raúl (B)', 1, '20-14749883-8', 'Pasaje Héroes de Malvinas 3181', '3016',
        'Santo Tomé', 'Santa Fe', 'Argentina', 'ANGELINO, Raúl', '100770'),
       ('105', 'Asociación Ayuda Niños Especiales (B)', 1, '30-63078914-8', 'Belgrano 2366', '3080',
        'Esperanza', 'Santa Fe', 'Argentina', 'Familia Noroña S.A.', '113754'),
       ('106', 'Asociación Israelita Argentina', 1, '30-63386545-7', 'Agüero 1164', '', 'CABA', '',
        'Argentina', 'Bianchi', '83200'),
       ('107', 'AVALO, Gladys Beatriz', 1, '27-34474887-5', 'Castelli 4237', '3000', 'Santa Fe', 'Santa Fe',
        'Argentina', 'AVALO, José ', '112525'),
       ('111', 'CAPELETTO, AlcnroClientees Fernando', 1, '20-06258228-7', 'Aaron Castellanos 2037', '3080', 'Esperanza',
        'Santa Fe', 'Argentina', 'Familia Noroña S.A.', '113754'),
       ('112', 'CARTHERY, Maximiliano y Hernán', 1, '30-71475762-4', 'San Lorenzo 655', '3050', 'Calchaquí',
        'Santa Fe', 'Argentina', 'Cerutti, Pablo', '94265'),
       ('114', 'Club Atlético Unión', 1, '30-53373191-7', 'AvennroClientea Lopez y Planes 3553', '3000',
        'Santa Fe', 'Santa Fe', 'Argentina', 'Familia Noroña S.A.', '113754'),
       ('115', 'COLLAZO, Luis Marcelo', 1, '23-24588682-9', 'Saenz AvennroClientea 1153', '', 'CABA', '', 'Argentina',
        'Bianchi', '83200'),
       ('117', 'DEAN, Guillermo Horacio', 1, '20-20930803-8', '305 3561', '3561', 'Avellaneda', 'Santa Fe', 'Argentina',
        'Cerutti, Pablo', '94265'),
       ('118', 'DEFAVERI, Edgardo José', 1, '20-16946814-2', 'Alejandro Contini 554', '3032', 'Nelson', 'Santa Fe',
        'Argentina', 'DEFAVERI, Edgardo José', '62658'),
       ('122', 'ENRÍA, Eduado DavnroCliente', 1, '20-21804161-3', 'Mitre 1972', '3013', 'San Carlos Centro',
        'Santa Fe', 'Argentina', 'ENRÍA, Eduado DavnroCliente', '2-232737'),
       ('123', 'Esperanza Combustibles (PETRO)', 1, '33-70833696-9', '', '3080', 'Esperanza', 'Santa Fe', 'Argentina',
        'Familia Noroña S.A.', '113754'),
       ('126', 'GAIANO, Melina (B)', 1, '27-33571974-9', 'Garay 1323', '2000', 'Puerto General San Martín',
        'Santa Fe', 'Argentina', 'Bianchi', '83200'),
       ('129', 'Granjas CARNAVE', 1, '30-70710102-0', 'AvennroClientea Hohenfels 2971', '3080', 'Esperanza', 'Santa Fe',
        'Argentina', 'Granjas CARNAVE', '84362'),
       ('137', 'MÁRQUEZ, Hernán', 1, '20-31628232-7', 'Los Aromos 209', '3018', 'Recreo', 'Santa Fe',
        'Argentina', 'Cerutti, Pablo', '94265'),
       ('138', 'MINGARDI, Jorge Omar', 3, '20-10958644-8', 'Balcarce 1301', '3080', 'Esperanza', 'Santa Fe',
        'Argentina', 'Familia Noroña S.A.', '113754'),
       ('139', 'N y G SRL', 1, '30-71648368-8', 'Sarmiento 1575', '3572', 'Malabrigo', 'Santa Fe', 'Argentina',
        'Cerutti, Pablo', '94265'),
       ('141', 'OJEDA, Gustavo Ramón', 3, '20-28301565-4', 'Mitre 615', '3450', 'Goya', 'Corrientes', 'Argentina',
        'ENRÍA, Eduado DavnroCliente', '2-232737'),
       ('145', 'PENAYO, Martin Santiago (INGECON SRL)', 5, '30-71178713-1', 'Hipolito Yrigoyen 4950', '3600', 'Formosa',
        'Formosa', 'Argentina', '', '2-232737'),
       ('147', 'PRESSER, Esteban Ariel', 1, '20-26043159-6', 'Jacob 2881', '3080', 'Esperanza', 'Santa Fe', 'Argentina',
        'Familia Noroña S.A.', '113754'),
       ('148', 'REGONAT, Elvio Omar', 1, '20-08507315-0', 'Calle 10 121', '3561', 'Avellaneda', 'Santa Fe', 'Argentina',
        'Cerutti, Pablo', '94265'),
       ('155', 'TALLEI, Edgardo Abel', 3, '20-17472456-4', '25 de Mayo 1835', '2170', 'Casilda', 'Santa Fe',
        'Argentina', 'Bianchi', '83200'),
       ('158', 'VRANJES, Marcio Román (B)', 1, '20-23082841-6', 'AvennroClientea Uriburu y Oroño', '2000',
        'Rosario', 'Santa Fe', 'Argentina', 'Bianchi', '83200'),
       ('159', 'ZULIANI, Mariano (B)', 1, '20-30501923-3', 'Mahatma Gandhi 1465', '3018', 'Recreo', 'Santa Fe',
        'Argentina', 'ZULIANI, Mariano', '81064'),
       ('160', 'HnroClienteALGO, Lucas', 1, '20-29115738-7', 'Italia 781', '3080', 'Esperanza', 'Santa Fe', 'Argentina',
        'HnroClienteALGO, Lucas', '115568');

INSERT INTO public.precio (id_tipo_cliente, id_queso, valor, id)
VALUES (1, 001, 371.00, 1),
       (1, 002, 486.00, 2),
       (1, 003, 550.00, 3),
       (1, 004, 580.00, 4),
       (1, 005, 451.00, 5),
       (1, 006, 465.00, 6),
       (1, 007, 431.00, 7),
       (1, 008, 850.00, 8),
       (1, 009, 620.00, 9),
       (1, 010, 400.00, 10),
       (1, 012, 400.00, 11),
       (1, 013, 400.00, 12),
       (1, 014, 320.00, 13),
       (6, 016, 492.00, 15),
       (6, 017, 556.00, 16),
       (6, 018, 586.00, 17),
       (6, 019, 457.00, 18),
       (6, 020, 471.00, 19),
       (6, 001, 437.00, 20),
       (6, 002, 850.00, 21),
       (6, 003, 620.00, 22),
       (6, 004, 620.00, 23),
       (6, 015, 406.00, 24),
       (4, 001, 393.00, 27),
       (4, 002, 515.00, 28),
       (4, 004, 605.00, 30),
       (4, 005, 484.00, 31),
       (4, 006, 490.00, 32),
       (4, 007, 459.00, 33),
       (4, 008, 220.00, 34),
       (4, 017, 423.00, 35),
       (4, 018, 319.00, 36),
       (4, 012, 320.00, 37),
       (5, 008, 404.00, 38),
       (5, 002, 530.00, 39),
       (5, 003, 589.00, 40),
       (5, 004, 623.00, 41),
       (5, 005, 490.00, 42),
       (5, 006, 504.00, 43),
       (5, 011, 473.00, 44),
       (3, 001, 445.20, 45),
       (3, 002, 583.20, 46),
       (3, 003, 660.00, 47),
       (3, 004, 696.00, 48),
       (3, 005, 541.20, 49),
       (3, 006, 558.00, 50),
       (3, 007, 517.20, 51),
       (3, 008, 850.00, 52),
       (3, 009, 620.00, 53),
       (3, 010, 264.00, 54),
       (3, 011, 480.00, 55),
       (3, 018, 319.00, 56),
       (3, 013, 320.00, 57),
       (2, 001, 400.70, 58),
       (2, 002, 524.90, 59),
       (2, 003, 594.00, 60),
       (2, 011, 626.40, 61),
       (2, 005, 487.10, 62),
       (2, 006, 502.20, 63),
       (2, 007, 465.50, 64),
       (2, 008, 850.00, 65),
       (2, 009, 680.00, 66),
       (2, 010, 237.60, 67),
       (2, 018, 319.00, 69),
       (2, 012, 320.00, 70);

INSERT INTO public.expedicion (id_expedicion, fecha_expedicion, cantidad, peso, importe, nro_cliente, id_lote)
VALUES (1, '2021-11-08', 216, 855.3, 62658.00, '118', '2610202100110');

-- agregar remitos
-- agregar devoluciones
-- agregar 	lote_lote_calcio
-- agregar	lote_lote_colorante
-- agregar	lote_lote_cuajo
-- agregar	lote_lote_cultivo
