INSERT INTO public.Queso (id, codigo, nomenclatura, tipo_queso, stock, color)
VALUES (1, '001', 'C', 'Cremoso', 70, '#dc3030'),
       (2, '002', 'B', 'Barra', 0, '#dc3030'),
       (3, '003', 'S', 'Sardo', 53, '#dc3030'),
       (4, '004', 'P', 'Pategras', 50, '#dc3030'),
       (5, '005', 'M', 'Muzzarella', 31, '#dc3030'),
       (6, '006', 'CH', 'Chedar', 32, '#dc3030'),
       (7, '007', 'PS', 'Por Salut', 12, '#dc3030'),
       (8, '008', 'SE', 'Sardo Estacionado', 40, '#dc3030'),
       (9, '009', 'F', 'Fontina', 67, '#dc3030'),
       (10, '010', 'R', 'Ricota', 0, '#dc3030'),
       (11, '011', 'CC', 'Cremoso x Kilo', 4, '#dc3030'),
       (12, '012', 'SC', 'Sardo Cabra', 100, '#dc3030'),
       (13, '013', 'SCS', 'Sardo Cabra Saborizado', 13, '#dc3030'),
       (14, '014', 'SS', 'Sardo Saborizado', 54, '#dc3030'),
       (15, '015', 'BV', 'Bouche Vaca', 4, '#dc3030'),
       (16, '016', 'BC', 'Bouche Cabra', 1, '#dc3030'),
       (17, '017', 'Cam', 'Camembert', 12, '#dc3030'),
       (18, '018', 'Az', 'Azul', 32, '#dc3030'),
       (19, '019', 'Mig', 'Miguelacho', 12, '#dc3030'),
       (20, '020', 'Crema', 'Crema', 10, '#dc3030');

INSERT INTO public.Lote (fecha_elaboracion, numero_tina, litros_leche, cant_hormas, id_queso,
                         id, stock_lote, peso, rendimiento)
VALUES ('2021-06-24', 10, 1050, 21, 4, '2406202100410', 0, 96.8, 9.22),
       ('2021-06-29', 2, 4500, 63, 4, '290620210042', 0, 433.7, 9.64),
       ('2021-06-30', 2, 5500, 90, 4, '300620210042', 0, 545.6, 9.92),
       ('2021-07-05', 11, 6496, 256, 1, '507202100111', 0, 991.9, 15.27),
       ('2021-07-05', 3, 6524, 246, 1, '50720210013', 0, 959.1, 14.7),
       ('2021-07-05', 10, 6500, 229, 1, '507202100110', 0, 927.7, 14.27),
       ('2021-07-05', 6, 6500, 236, 1, '50720210016', 0, 921.9, 14.18),
       ('2021-07-05', 7, 5000, 122, 2, '50720210027', 0, 535.9, 10.72),
       ('2021-07-05', 2, 3600, 92, 3, '50720210032', 0, 351.7, 9.77),
       ('2021-07-05', 4, 1050, 32, 5, '50720210054', 0, 127.9, 12.18),
       ('2021-07-06', 3, 6557, 249, 1, '60720210013', 0, 1005.6, 15.34),
       ('2021-07-06', 11, 6518, 242, 1, '607202100111', 0, 977.5, 15),
       ('2021-07-06', 6, 6500, 241, 1, '60720210016', 0, 911.4, 14.02),
       ('2021-07-06', 10, 6500, 232, 1, '607202100110', 0, 888.7, 13.67),
       ('2021-07-06', 7, 5000, 130, 2, '60720210027', 0, 561.3, 11.23),
       ('2021-07-06', 2, 5000, 83, 4, '60720210042', 0, 485.8, 9.72),
       ('2021-07-06', 4, 1050, 31, 5, '60720210054', 0, 128.2, 12.21),
       ('2021-07-07', 3, 6544, 215, 1, '70720210013', 0, 978.5, 14.95),
       ('2021-07-07', 10, 6500, 238, 1, '707202100110', 0, 953.6, 14.67),
       ('2021-07-07', 6, 6550, 259, 1, '70720210016', 0, 924.15, 14.11),
       ('2021-07-07', 7, 5000, 129, 2, '70720210027', 0, 565.8, 11.32),
       ('2021-07-07', 11, 5000, 127, 2, '707202100211', 0, 560.4, 11.21),
       ('2021-07-07', 2, 5000, 87, 4, '70720210042', 0, 464.9, 9.3),
       ('2021-07-07', 4, 1060, 140, 7, '70720210074', 0, 141.6, 13.36),
       ('2021-07-08', 3, 6553, 242, 1, '80720210013', 0, 1006.95, 15.37),
       ('2021-07-08', 10, 6700, 242, 1, '807202100110', 0, 945.6, 14.11),
       ('2021-07-08', 6, 6550, 231, 1, '80720210016', 0, 903.05, 13.79),
       ('2021-07-08', 7, 4100, 112, 2, '80720210027', 0, 450.8, 11),
       ('2021-07-08', 2, 3500, 93, 3, '80720210032', 0, 341.75, 9.76),
       ('2021-07-08', 4, 1050, 132, 7, '80720210074', 0, 131.75, 12.55),
       ('2021-07-09', 10, 6600, 247, 1, '907202100110', 0, 959.15, 14.53),
       ('2021-07-09', 6, 6600, 222, 1, '90720210016', 0, 913.95, 13.85),
       ('2021-07-09', 7, 5000, 127, 2, '90720210027', 0, 547.75, 10.96),
       ('2021-07-09', 2, 5000, 124, 2, '90720210022', 0, 510, 10.2),
       ('2021-07-09', 3, 3500, 93, 3, '90720210033', 0, 350.2, 10.01),
       ('2021-07-12', 7, 6530, 246, 1, '120720210017', 0, 968.4, 14.83),
       ('2021-07-12', 11, 6532, 228, 1, '1207202100111', 0, 909.35, 13.92),
       ('2021-07-12', 3, 5000, 133, 2, '120720210023', 0, 551.3, 11.03),
       ('2021-07-12', 6, 5000, 123, 2, '120720210026', 0, 522, 10.44),
       ('2021-07-12', 10, 4900, 118, 2, '1207202100210', 0, 486.95, 9.94),
       ('2021-07-12', 2, 3600, 94, 3, '120720210032', 0, 338.4, 9.4),
       ('2021-07-13', 3, 6565, 250, 1, '130720210013', 0, 965, 14.7),
       ('2021-07-13', 7, 6545, 250, 1, '130720210017', 0, 933.35, 14.26),
       ('2021-07-13', 10, 4900, 121, 2, '1307202100210', 0, 517.45, 10.56),
       ('2021-07-13', 11, 5000, 122, 2, '1307202100211', 0, 517.4, 10.35),
       ('2021-07-13', 6, 5000, 126, 2, '130720210026', 0, 509.65, 10.19),
       ('2021-07-13', 2, 5000, 82, 4, '130720210042', 0, 391.4, 7.83),
       ('2021-07-14', 10, 6600, 238, 1, '1407202100110', 0, 911.05, 13.8),
       ('2021-07-14', 6, 6550, 240, 1, '140720210016', 0, 907, 13.85),
       ('2021-07-14', 11, 5000, 129, 2, '1407202100211', 0, 545.05, 10.9),
       ('2021-07-14', 7, 4900, 128, 2, '140720210027', 0, 544.8, 11.12),
       ('2021-07-14', 3, 5100, 124, 2, '140720210023', 0, 527.15, 10.34),
       ('2021-07-14', 2, 5000, 77, 4, '140720210042', 0, 444.1, 8.88),
       ('2021-07-15', 11, 6560, 245, 1, '1507202100111', 0, 951.7, 14.51),
       ('2021-07-15', 3, 6520, 249, 1, '150720210013', 0, 943.7, 14.47),
       ('2021-07-15', 2, 6500, 236, 1, '150720210012', 0, 893.35, 13.74),
       ('2021-07-15', 10, 6500, 231, 1, '1507202100110', 0, 890.55, 13.7),
       ('2021-07-15', 7, 5000, 122, 2, '150720210027', 0, 535.85, 10.72),
       ('2021-07-15', 6, 4950, 121, 2, '150720210026', 0, 499.55, 10.09),
       ('2021-07-15', 14, 5000, 114, 2, '1507202100214', 0, 481.45, 9.63),
       ('2021-07-15', 4, 1050, 30, 6, '150720210064', 0, 117.05, 11.15),
       ('2021-07-16', 11, 3650, 154, 1, '1607202100111', 0, 1047.55, 28.7),
       ('2021-07-16', 3, 6540, 250, 1, '160720210013', 0, 990.85, 15.15),
       ('2021-07-16', 2, 6700, 229, 1, '160720210012', 0, 890.4, 13.29),
       ('2021-07-16', 7, 6590, 266, 1, '160720210017', 0, 563.9, 8.56),
       ('2021-07-16', 10, 5000, 128, 2, '1607202100210', 0, 551.45, 11.03),
       ('2021-07-16', 6, 3500, 91, 3, '160720210036', 0, 335.05, 9.57),
       ('2021-07-19', 3, 6520, 241, 1, '190720210013', 0, 1016.7, 15.59),
       ('2021-07-19', 11, 6480, 237, 1, '1907202100111', 0, 1003.4, 15.48),
       ('2021-07-19', 10, 6500, 227, 1, '1907202100110', 0, 918.15, 14.13),
       ('2021-07-19', 6, 6500, 209, 1, '190720210016', 0, 822.95, 12.66),
       ('2021-07-19', 7, 4950, 112, 2, '190720210027', 0, 465.15, 9.4),
       ('2021-07-19', 2, 3500, 93, 3, '190720210032', 0, 347.2, 9.92),
       ('2021-07-19', 4, 1000, 30, 5, '190720210054', 0, 125.5, 12.55),
       ('2021-07-20', 3, 6590, 247, 1, '200720210013', 0, 998.6, 15.15),
       ('2021-07-20', 7, 6558, 251, 1, '200720210017', 0, 989.5, 15.09),
       ('2021-07-20', 2, 6500, 228, 1, '200720210012', 0, 907.35, 13.96),
       ('2021-07-20', 10, 4900, 125, 2, '2007202100210', 0, 545, 11.12),
       ('2021-07-20', 6, 5000, 83, 4, '200720210046', 0, 469.9, 9.4),
       ('2021-07-20', 14, 3100, 122, 1, '2007202100114', 0, 444.4, 14.34),
       ('2021-07-20', 11, 2900, 444, 7, '2007202100711', 0, 388, 13.38),
       ('2021-07-20', 4, 1060, 36, 5, '200720210054', 0, 141.4, 13.34),
       ('2021-07-21', 7, 6554, 246, 1, '210720210017', 0, 995.6, 15.19),
       ('2021-07-21', 3, 6546, 250, 1, '210720210013', 0, 981.35, 14.99),
       ('2021-07-21', 2, 6500, 239, 1, '210720210012', 0, 973.55, 14.98),
       ('2021-07-21', 11, 5000, 131, 2, '2107202100211', 0, 559.6, 11.19),
       ('2021-07-21', 10, 5000, 122, 2, '2107202100210', 0, 519.05, 10.38),
       ('2021-07-21', 6, 4900, 88, 4, '210720210046', 0, 489.15, 9.98),
       ('2021-07-22', 3, 6554, 252, 1, '220720210013', 0, 1019.95, 15.56),
       ('2021-07-22', 7, 6500, 244, 1, '220720210017', 0, 940.1, 14.46),
       ('2021-07-22', 10, 4600, 174, 1, '2207202100110', 0, 704.75, 15.32),
       ('2021-07-22', 7, 4950, 132, 2, '220720210027', 0, 563.8, 11.39),
       ('2021-07-22', 11, 4750, 120, 2, '2207202100211', 0, 524.15, 11.03),
       ('2021-07-22', 2, 3500, 94, 3, '220720210032', 0, 344.95, 9.86),
       ('2021-07-23', 3, 6565, 253, 1, '230720210013', 0, 999.95, 15.23),
       ('2021-07-23', 6, 6500, 250, 1, '230720210016', 0, 962.5, 14.81),
       ('2021-07-23', 10, 6400, 238, 1, '2307202100110', 0, 922.5, 14.41),
       ('2021-07-23', 11, 6240, 245, 1, '2307202100111', 0, 920, 14.74),
       ('2021-07-23', 7, 4950, 129, 2, '230720210027', 0, 563, 11.37),
       ('2021-07-23', 14, 2600, 66, 2, '2307202100214', 0, 288.3, 11.09),
       ('2021-07-23', 2, 3600, 91, 3, '230720210032', 3, 287.75, 7.99),
       ('2021-07-26', 3, 6581, 244, 1, '260720210013', 0, 1023.8, 15.56),
       ('2021-07-26', 7, 6570, 248, 1, '260720210017', 0, 975.6, 14.85),
       ('2021-07-26', 10, 5000, 117, 2, '2607202100210', 0, 495.5, 9.91),
       ('2021-07-26', 6, 5000, 118, 2, '260720210026', 0, 487.45, 9.75),
       ('2021-07-26', 11, 3450, 94, 3, '2607202100311', 0, 350.1, 10.15),
       ('2021-07-26', 2, 3500, 92, 3, '260720210032', -3, 323, 9.23),
       ('2021-07-27', 6, 5000, 193, 1, '270720210016', 0, 721.25, 14.43),
       ('2021-07-27', 3, 5050, 123, 2, '270720210023', 0, 538.45, 10.66),
       ('2021-07-27', 7, 4900, 82, 4, '270720210047', 0, 494.5, 10.09),
       ('2021-07-27', 2, 3550, 92, 3, '270720210032', 0, 338.9, 9.55),
       ('2021-07-27', 4, 1080, 27, 6, '270720210064', 0, 84.7, 7.84),
       ('2021-07-28', 7, 6585, 257, 1, '280720210017', 0, 983.85, 14.94),
       ('2021-07-28', 3, 6545, 252, 1, '280720210013', 0, 968.65, 14.8),
       ('2021-07-28', 2, 6500, 227, 1, '280720210012', 0, 914.1, 14.06),
       ('2021-07-28', 11, 4900, 129, 2, '2807202100211', 0, 554.25, 11.31),
       ('2021-07-28', 6, 5150, 123, 2, '280720210026', 0, 540.4, 10.49),
       ('2021-07-28', 10, 5000, 88, 4, '2807202100410', 2, 496.55, 9.93),
       ('2021-07-29', 3, 6450, 249, 1, '290720210013', 0, 1000.8, 15.52),
       ('2021-07-29', 7, 6534, 241, 1, '290720210017', 0, 961.55, 14.72),
       ('2021-07-29', 2, 6500, 231, 1, '290720210012', 0, 936.05, 14.4),
       ('2021-07-29', 14, 5000, 126, 2, '2907202100214', 0, 544.1, 10.88),
       ('2021-07-29', 6, 5100, 125, 2, '290720210026', 0, 523.85, 10.27),
       ('2021-07-29', 10, 5350, 79, 9, '2907202100910', 15, 418.8, 7.83),
       ('2021-07-29', 11, 2350, 95, 1, '2907202100111', 0, 356.7, 15.18),
       ('2021-07-30', 3, 6626, 251, 1, '300720210013', 0, 1022.8, 15.44),
       ('2021-07-30', 7, 6553, 246, 1, '300720210017', 0, 983.05, 15),
       ('2021-07-30', 10, 6500, 225, 1, '3007202100110', 0, 877.45, 13.5),
       ('2021-07-30', 14, 4350, 163, 1, '3007202100114', 0, 631.55, 14.52),
       ('2021-07-30', 6, 5250, 128, 2, '300720210026', 0, 562.4, 10.71),
       ('2021-07-30', 11, 4800, 123, 2, '3007202100211', 0, 526.8, 10.98),
       ('2021-07-30', 2, 3500, 94, 3, '300720210032', 0, 341.05, 9.74),
       ('2021-08-02', 3, 6572, 253, 1, '20820210013', 0, 990.55, 15.07),
       ('2021-08-02', 6, 6550, 219, 1, '20820210016', 0, 900, 13.74),
       ('2021-08-02', 10, 6550, 219, 1, '208202100110', 0, 890.65, 13.6),
       ('2021-08-02', 7, 5000, 128, 2, '20820210027', 0, 553.6, 11.07),
       ('2021-08-02', 11, 4850, 125, 2, '208202100211', 0, 532.55, 10.98),
       ('2021-08-02', 2, 3600, 94, 3, '20820210032', 4, 343.75, 9.55),
       ('2021-08-03', 3, 6525, 242, 18, '30820210183', 242, 927.1, 14.21),
       ('2021-08-03', 10, 6500, 229, 1, '308202100110', 0, 891.05, 13.71),
       ('2021-08-03', 6, 6500, 229, 1, '30820210016', 0, 879.5, 13.53),
       ('2021-08-03', 7, 4500, 131, 5, '30820210057', 0, 562.5, 12.5),
       ('2021-08-03', 2, 3500, 92, 3, '30820210032', 0, 347.7, 9.93),
       ('2021-08-03', 4, 1050, 36, 5, '30820210054', 0, 142.85, 13.6),
       ('2021-08-03', 11, 3500, 132, 7, '308202100711', 0, 105.2, 3.01),
       ('2021-08-04', 3, 6540, 260, 1, '40820210013', 0, 1005.6, 15.38),
       ('2021-08-04', 7, 6550, 242, 1, '40820210017', 0, 958.35, 14.63),
       ('2021-08-04', 10, 5250, 146, 1, '408202100110', 0, 738.45, 14.07),
       ('2021-08-04', 6, 4450, 128, 5, '40820210056', 0, 533.95, 12),
       ('2021-08-04', 2, 5000, 81, 4, '40820210042', 0, 488.35, 9.77),
       ('2021-08-04', 4, 1050, 32, 5, '40820210054', 0, 128.7, 12.26),
       ('2021-08-05', 7, 6553, 242, 1, '50820210017', 0, 940.65, 14.35),
       ('2021-08-05', 6, 5000, 120, 2, '50820210026', 0, 521.8, 10.44),
       ('2021-08-05', 3, 5000, 90, 4, '50820210043', 0, 518.75, 10.38),
       ('2021-08-05', 2, 5000, 121, 2, '50820210022', 0, 513.3, 10.27),
       ('2021-08-05', 10, 4850, 115, 2, '508202100210', 0, 487.1, 10.04),
       ('2021-08-05', 4, 1050, 34, 5, '50820210054', 0, 130.85, 12.46),
       ('2021-08-06', 3, 6558, 243, 1, '60820210013', 0, 939, 14.32),
       ('2021-08-06', 6, 6600, 219, 1, '60820210016', 0, 879, 13.32),
       ('2021-08-06', 2, 6500, 221, 1, '60820210012', 0, 864.05, 13.29),
       ('2021-08-06', 7, 4850, 129, 2, '60820210027', 0, 543.2, 11.2),
       ('2021-08-09', 6, 6600, 209, 1, '90820210016', 0, 784.15, 11.88),
       ('2021-08-09', 7, 5000, 129, 2, '90820210027', 0, 541.9, 10.84),
       ('2021-08-09', 11, 4850, 120, 2, '908202100211', 0, 498.95, 10.29),
       ('2021-08-09', 2, 5000, 123, 2, '90820210022', 0, 489.1, 9.78),
       ('2021-08-09', 14, 2400, 86, 1, '908202100114', 0, 313.45, 13.06),
       ('2021-08-09', 10, 3500, 91, 3, '908202100310', 91, 303.2, 8.66),
       ('2021-08-09', 3, 5000, 86, 4, '90820210043', 62, 132.3, 2.65),
       ('2021-08-10', 3, 6553, 243, 1, '100820210013', 0, 953.8, 14.56),
       ('2021-08-10', 6, 6650, 243, 1, '100820210016', 0, 906.5, 13.63),
       ('2021-08-10', 14, 6600, 228, 1, '1008202100114', 0, 876.55, 13.28),
       ('2021-08-10', 10, 6500, 225, 1, '1008202100110', 0, 861.85, 13.26),
       ('2021-08-10', 11, 4900, 123, 2, '1008202100211', 0, 523.55, 10.68),
       ('2021-08-10', 7, 4950, 121, 2, '100820210027', 0, 511.25, 10.33),
       ('2021-08-10', 2, 3600, 93, 3, '100820210032', -4, 338.15, 9.39),
       ('2021-08-10', 4, 1050, 31, 5, '100820210054', 0, 115.25, 10.98),
       ('2021-08-11', 7, 6548, 250, 1, '110820210017', 0, 992.65, 15.16),
       ('2021-08-11', 3, 6560, 245, 1, '110820210013', 0, 976.15, 14.88),
       ('2021-08-11', 2, 6500, 223, 1, '110820210012', 0, 860.65, 13.24),
       ('2021-08-11', 10, 6000, 215, 1, '1108202100110', 0, 843.05, 14.05),
       ('2021-08-11', 6, 5000, 125, 2, '110820210026', 0, 513, 10.26),
       ('2021-08-11', 4, 1050, 36, 5, '110820210054', 0, 134, 12.76),
       ('2021-08-12', 3, 6688, 260, 1, '120820210013', 0, 1000.65, 14.96),
       ('2021-08-12', 10, 6550, 231, 1, '1208202100110', 0, 937.3, 14.31),
       ('2021-08-12', 11, 5250, 129, 2, '1208202100211', 0, 550.95, 10.49),
       ('2021-08-12', 7, 5000, 88, 4, '120820210047', 0, 524.9, 10.5),
       ('2021-08-12', 6, 4900, 124, 2, '120820210026', 0, 494.85, 10.1),
       ('2021-08-12', 2, 3500, 93, 3, '120820210032', 0, 335.75, 9.59),
       ('2021-08-13', 3, 6565, 242, 1, '130820210013', 0, 951.3, 14.49),
       ('2021-08-13', 6, 6500, 215, 1, '130820210016', 0, 856.7, 13.18),
       ('2021-08-13', 11, 5400, 123, 2, '1308202100211', 0, 535.65, 9.92),
       ('2021-08-13', 7, 4850, 124, 2, '130820210027', 0, 528.1, 10.89),
       ('2021-08-13', 2, 5150, 78, 4, '130820210042', -2, 465.3, 9.03),
       ('2021-08-16', 3, 6558, 247, 1, '160820210013', 0, 960.3, 14.64),
       ('2021-08-16', 7, 5000, 197, 1, '160820210017', 0, 750.5, 15.01),
       ('2021-08-16', 6, 4900, 119, 2, '160820210026', 0, 470.9, 9.61),
       ('2021-08-16', 10, 4800, 114, 2, '1608202100210', 0, 455.75, 9.49),
       ('2021-08-16', 2, 3500, 89, 3, '160820210032', 4, 304.05, 8.69),
       ('2021-08-16', 4, 1050, 33, 5, '160820210054', 0, 123, 11.71),
       ('2021-08-17', 3, 6545, 243, 1, '170820210013', 0, 969.5, 14.81),
       ('2021-08-17', 2, 6550, 218, 1, '170820210012', 0, 882.8, 13.48),
       ('2021-08-17', 7, 4000, 155, 1, '170820210017', 0, 578.05, 14.45),
       ('2021-08-17', 6, 5000, 119, 2, '170820210026', 0, 493.25, 9.87),
       ('2021-08-17', 4, 1050, 33, 5, '170820210054', 0, 117.1, 11.15),
       ('2021-08-18', 3, 6575, 235, 1, '180820210013', 0, 968.7, 14.73),
       ('2021-08-18', 7, 6590, 244, 1, '180820210017', 0, 967.95, 14.69),
       ('2021-08-18', 2, 6500, 227, 1, '180820210012', 0, 911.1, 14.02),
       ('2021-08-18', 10, 5000, 122, 2, '1808202100210', 0, 518, 10.36),
       ('2021-08-18', 6, 5000, 82, 4, '180820210046', 1, 475, 9.5),
       ('2021-08-19', 3, 6530, 247, 1, '190820210013', 0, 946.6, 14.5),
       ('2021-08-19', 7, 6550, 243, 1, '190820210017', 0, 940.55, 14.36),
       ('2021-08-19', 2, 5000, 88, 4, '190820210042', 0, 488.75, 9.78),
       ('2021-08-19', 6, 4800, 121, 2, '190820210026', 0, 484.65, 10.1),
       ('2021-08-19', 4, 1050, 152, 11, '190820210114', 152, 154.15, 14.68),
       ('2021-08-20', 3, 6530, 231, 1, '200820210013', 0, 962.55, 14.74),
       ('2021-08-20', 7, 6650, 253, 1, '200820210017', 0, 943.8, 14.19),
       ('2021-08-20', 6, 4850, 125, 2, '200820210026', 0, 520.8, 10.74),
       ('2021-08-20', 9, 4600, 112, 2, '200820210029', 0, 455.7, 9.91),
       ('2021-08-20', 2, 3700, 90, 3, '200820210032', 0, 321, 8.68),
       ('2021-08-20', 4, 1050, 25, 6, '200820210064', 0, 102.2, 9.73),
       ('2021-08-23', 3, 6566, 258, 1, '230820210013', 0, 998.1, 15.2),
       ('2021-08-23', 6, 6500, 235, 1, '230820210016', 0, 885.85, 13.63),
       ('2021-08-23', 10, 6500, 214, 1, '2308202100110', 0, 852.7, 13.12),
       ('2021-08-23', 7, 4900, 125, 2, '230820210027', 0, 526, 10.73),
       ('2021-08-23', 11, 2750, 113, 11, '2308202101111', 113, 351.75, 12.79),
       ('2021-08-23', 2, 3500, 93, 3, '230820210032', 0, 317.8, 9.08),
       ('2021-08-23', 4, 1080, 32, 5, '230820210054', 0, 130.65, 12.1),
       ('2021-08-24', 3, 6880, 252, 1, '240820210013', 0, 1063.7, 15.46),
       ('2021-08-24', 7, 6560, 247, 1, '240820210017', 0, 997.45, 15.21),
       ('2021-08-24', 6, 6500, 227, 1, '240820210016', 0, 948.1, 14.59),
       ('2021-08-24', 10, 3000, 107, 1, '2408202100110', 0, 397.85, 13.26),
       ('2021-08-24', 2, 3600, 92, 8, '240820210082', 92, 322.4, 8.96),
       ('2021-08-24', 4, 1050, 33, 5, '240820210054', 0, 121.9, 11.61),
       ('2021-08-25', 3, 7080, 269, 1, '250820210013', 0, 1078.1, 15.23),
       ('2021-08-25', 6, 6400, 236, 1, '250820210016', 0, 901.25, 14.08),
       ('2021-08-25', 7, 4500, 178, 1, '250820210017', 0, 674.25, 14.98),
       ('2021-08-25', 1, 5000, 122, 2, '250820210021', 0, 502.85, 10.06),
       ('2021-08-25', 2, 5000, 84, 4, '250820210042', 0, 480.25, 9.61),
       ('2021-08-25', 4, 1050, 30, 5, '250820210054', 0, 116.35, 11.08),
       ('2021-08-26', 7, 6600, 241, 1, '260820210017', 0, 980.45, 14.86),
       ('2021-08-26', 3, 6535, 244, 1, '260820210013', 0, 954.1, 14.6),
       ('2021-08-26', 2, 6500, 225, 1, '260820210012', 0, 899.6, 13.84),
       ('2021-08-26', 5, 5000, 129, 2, '260820210025', 0, 553.6, 11.07),
       ('2021-08-26', 1, 5100, 92, 4, '260820210041', 67, 535.35, 10.5),
       ('2021-08-26', 4, 1050, 27, 6, '260820210064', -1, 106.85, 10.18),
       ('2021-08-27', 3, 6538, 248, 1, '270820210013', 0, 977.75, 14.95),
       ('2021-08-27', 7, 6713, 246, 1, '270820210017', 0, 964.1, 14.36),
       ('2021-08-27', 2, 6500, 217, 1, '270820210012', 0, 896.8, 13.8),
       ('2021-08-27', 6, 6500, 209, 1, '270820210016', 0, 821.65, 12.64),
       ('2021-08-27', 10, 5700, 195, 1, '2708202100110', 0, 812.8, 14.26),
       ('2021-08-27', 1, 3500, 87, 2, '270820210021', 0, 361.6, 10.33),
       ('2021-08-30', 7, 6516, 253, 1, '300820210017', 0, 960.85, 14.75),
       ('2021-08-30', 3, 6610, 241, 1, '300820210013', 0, 940.85, 14.23),
       ('2021-08-30', 2, 6500, 227, 1, '300820210012', 0, 911.9, 14.03),
       ('2021-08-30', 6, 6500, 219, 1, '300820210016', 0, 837.5, 12.88),
       ('2021-08-30', 1, 5000, 131, 2, '300820210021', 0, 553.1, 11.06),
       ('2021-08-30', 5, 4800, 121, 2, '300820210025', 0, 505.25, 10.53),
       ('2021-08-31', 3, 6516, 251, 1, '310820210013', 0, 920.15, 14.12),
       ('2021-08-31', 2, 6500, 219, 1, '310820210012', 0, 829, 12.75),
       ('2021-08-31', 5, 5000, 120, 2, '310820210025', 0, 477.85, 9.56),
       ('2021-08-31', 6, 2700, 109, 1, '310820210016', 0, 380.05, 14.08),
       ('2021-08-31', 1, 3600, 94, 3, '310820210031', 1, 356.5, 9.9),
       ('2021-08-31', 4, 1050, 31, 5, '310820210054', 0, 115.6, 11.01),
       ('2021-09-01', 3, 6600, 201, 1, '10920210013', 0, 966.4, 14.64),
       ('2021-09-01', 6, 6500, 213, 1, '10920210016', 0, 872.1, 13.42),
       ('2021-09-01', 1, 4800, 120, 2, '10920210021', 0, 523.1, 10.9),
       ('2021-09-01', 7, 2700, 111, 1, '10920210017', 0, 400.65, 14.84),
       ('2021-09-01', 2, 5500, 75, 9, '10920210092', 44, 208.75, 3.8),
       ('2021-09-02', 3, 6500, 242, 1, '20920210013', 0, 945.75, 14.55),
       ('2021-09-02', 2, 6520, 211, 1, '20920210012', 0, 852.55, 13.08),
       ('2021-09-02', 7, 5000, 692, 7, '20920210077', 5, 648, 12.96),
       ('2021-09-02', 5, 4800, 124, 2, '20920210025', 0, 516.85, 10.77),
       ('2021-09-03', 7, 6560, 245, 1, '30920210017', 0, 954.45, 14.55),
       ('2021-09-03', 3, 6513, 243, 1, '30920210013', 0, 948.55, 14.56),
       ('2021-09-03', 2, 6500, 210, 1, '30920210012', 0, 878.3, 13.51),
       ('2021-09-03', 6, 5300, 196, 1, '30920210016', 0, 781.95, 14.75),
       ('2021-09-03', 5, 5000, 133, 2, '30920210025', 0, 565.1, 11.3),
       ('2021-09-03', 1, 4800, 118, 2, '30920210021', 0, 501.8, 10.45),
       ('2021-09-06', 3, 6529, 256, 1, '60920210013', 0, 970.65, 14.87),
       ('2021-09-06', 7, 6533, 241, 1, '60920210017', 0, 942.45, 14.43),
       ('2021-09-06', 2, 6500, 233, 1, '60920210012', 0, 914.15, 14.06),
       ('2021-09-06', 6, 6500, 223, 1, '60920210016', 0, 893.65, 13.75),
       ('2021-09-06', 1, 5100, 130, 2, '60920210021', 0, 557.75, 10.94),
       ('2021-09-06', 5, 5100, 125, 2, '60920210025', 0, 553.3, 10.85),
       ('2021-09-06', 4, 1050, 30, 5, '60920210054', 0, 123.45, 11.76),
       ('2021-09-07', 3, 6525, 253, 1, '70920210013', 0, 987.3, 15.13),
       ('2021-09-07', 7, 6539, 246, 1, '70920210017', 0, 950.8, 14.54),
       ('2021-09-07', 2, 6550, 222, 1, '70920210012', 0, 903.2, 13.79),
       ('2021-09-07', 6, 6550, 218, 1, '70920210016', 0, 888.05, 13.56),
       ('2021-09-07', 5, 4900, 125, 2, '70920210025', 0, 539.4, 11.01),
       ('2021-09-07', 1, 3500, 93, 3, '70920210031', 0, 340.8, 9.74),
       ('2021-09-07', 4, 1050, 37, 5, '70920210054', 0, 150.95, 14.38),
       ('2021-09-08', 3, 6535, 256, 1, '80920210013', 0, 1050.45, 16.07),
       ('2021-09-08', 2, 6500, 207, 1, '80920210012', 0, 838.6, 12.9),
       ('2021-09-08', 7, 2200, 376, 11, '80920210117', 247, 319.75, 14.53),
       ('2021-09-08', 4, 1050, 32, 5, '80920210054', 0, 128.8, 12.27),
       ('2021-09-09', 3, 6536, 244, 1, '90920210013', 0, 963.6, 14.74),
       ('2021-09-09', 7, 6535, 232, 1, '90920210017', 0, 962.85, 14.73),
       ('2021-09-09', 2, 6500, 224, 1, '90920210012', 0, 904.15, 13.91),
       ('2021-09-09', 6, 6500, 223, 1, '90920210016', 0, 875, 13.46),
       ('2021-09-09', 5, 5000, 128, 2, '90920210025', 0, 543.15, 10.86),
       ('2021-09-10', 3, 6516, 250, 1, '100920210013', 0, 1007.7, 15.47),
       ('2021-09-10', 7, 6540, 251, 1, '100920210017', 0, 992, 15.17),
       ('2021-09-10', 2, 6500, 230, 1, '100920210012', 0, 931, 14.32),
       ('2021-09-10', 6, 6500, 229, 1, '100920210016', 0, 912.85, 14.04),
       ('2021-09-10', 5, 4750, 118, 2, '100920210025', 0, 498.2, 10.49),
       ('2021-09-10', 1, 3500, 93, 3, '100920210031', 40, 371.7, 10.62),
       ('2021-09-13', 3, 6616, 247, 1, '130920210013', 0, 1014.2, 15.33),
       ('2021-09-13', 7, 6600, 244, 1, '130920210017', 0, 950.5, 14.4),
       ('2021-09-13', 2, 6500, 232, 1, '130920210012', 0, 925.4, 14.24),
       ('2021-09-13', 6, 6600, 228, 1, '130920210016', 0, 885.5, 13.42),
       ('2021-09-13', 5, 4850, 126, 2, '130920210025', 0, 531.95, 10.97),
       ('2021-09-13', 1, 4800, 124, 2, '130920210021', 0, 507.3, 10.57),
       ('2021-09-13', 4, 1080, 32, 5, '130920210054', 0, 126.55, 11.72),
       ('2021-09-14', 3, 6522, 241, 1, '140920210013', 0, 1008, 15.46),
       ('2021-09-14', 2, 6540, 238, 1, '140920210012', 0, 977.9, 14.95),
       ('2021-09-14', 7, 6560, 238, 1, '140920210017', 0, 946.6, 14.43),
       ('2021-09-14', 6, 6500, 225, 1, '140920210016', 0, 879.5, 13.53),
       ('2021-09-14', 5, 5000, 127, 2, '140920210025', 0, 526.4, 10.53),
       ('2021-09-14', 1, 3500, 93, 3, '140920210031', 93, 366.2, 10.46),
       ('2021-09-14', 4, 1000, 29, 5, '140920210054', 0, 117.5, 11.75),
       ('2021-09-15', 3, 6553, 232, 1, '150920210013', 0, 990.65, 15.12),
       ('2021-09-15', 7, 4700, 118, 2, '150920210027', 0, 489.35, 10.41),
       ('2021-09-15', 2, 5000, 118, 2, '150920210022', 0, 482.45, 9.65),
       ('2021-09-15', 6, 2400, 75, 1, '150920210016', 0, 309.85, 12.91),
       ('2021-09-15', 4, 1050, 29, 5, '150920210054', 0, 120.15, 11.44),
       ('2021-09-16', 3, 6520, 249, 1, '160920210013', 0, 1009, 15.48),
       ('2021-09-16', 2, 6500, 226, 1, '160920210012', 0, 896.45, 13.79),
       ('2021-09-16', 7, 5400, 205, 1, '160920210017', 0, 828.7, 15.35),
       ('2021-09-16', 1, 4900, 127, 2, '160920210021', 0, 519.9, 10.61),
       ('2021-09-16', 5, 4700, 117, 2, '160920210025', 0, 467.75, 9.95),
       ('2021-09-17', 3, 6000, 236, 1, '170920210013', 0, 915, 15.25),
       ('2021-09-17', 2, 5800, 202, 1, '170920210012', 0, 832.9, 14.36),
       ('2021-09-17', 7, 5300, 186, 1, '170920210017', 0, 742.85, 14.02),
       ('2021-09-17', 6, 3100, 452, 7, '170920210076', 0, 381.3, 12.3),
       ('2021-09-17', 1, 3600, 87, 2, '170920210021', 0, 357.6, 9.93),
       ('2021-09-17', 9, 3200, 84, 2, '170920210029', 0, 354, 11.06),
       ('2021-09-20', 3, 6530, 246, 1, '200920210013', 0, 971.85, 14.88),
       ('2021-09-20', 7, 6586, 240, 1, '200920210017', 0, 947.55, 14.39),
       ('2021-09-20', 2, 6500, 231, 1, '200920210012', 0, 918.2, 14.13),
       ('2021-09-20', 6, 6400, 218, 1, '200920210016', 0, 839.3, 13.11),
       ('2021-09-20', 5, 5100, 128, 2, '200920210025', 0, 554.9, 10.88),
       ('2021-09-20', 1, 4900, 124, 2, '200920210021', 0, 509.7, 10.4),
       ('2021-09-20', 4, 1050, 33, 5, '200920210054', 0, 132.6, 12.63),
       ('2021-09-21', 3, 6550, 246, 1, '210920210013', 0, 996.4, 15.21),
       ('2021-09-21', 7, 6530, 240, 1, '210920210017', 0, 937.4, 14.36),
       ('2021-09-21', 2, 6500, 233, 1, '210920210012', 0, 906.15, 13.94),
       ('2021-09-21', 5, 4800, 124, 2, '210920210025', 0, 526.2, 10.96),
       ('2021-09-21', 1, 3500, 91, 3, '210920210031', 91, 340.8, 9.74),
       ('2021-09-21', 4, 1050, 31, 5, '210920210054', 0, 122.6, 11.68),
       ('2021-09-21', 6, 6500, 216, 1, '210920210016', 0, 93.8, 1.44),
       ('2021-09-22', 3, 6562, 240, 1, '220920210013', 0, 949.2, 14.47),
       ('2021-09-22', 2, 4850, 116, 2, '220920210022', 0, 472.7, 9.75),
       ('2021-09-22', 6, 4850, 110, 2, '220920210026', 0, 472.4, 9.74),
       ('2021-09-22', 5, 1800, 65, 1, '220920210015', 0, 234.2, 13.01),
       ('2021-09-22', 4, 1050, 29, 5, '220920210054', 0, 124.6, 11.87),
       ('2021-09-23', 3, 6528, 249, 1, '230920210013', 0, 926.8, 14.2),
       ('2021-09-23', 2, 6500, 226, 1, '230920210012', 0, 892, 13.72),
       ('2021-09-23', 5, 6500, 217, 1, '230920210015', 0, 825.8, 12.7),
       ('2021-09-23', 1, 5000, 129, 2, '230920210021', 0, 535.7, 10.71),
       ('2021-09-23', 7, 2400, 62, 2, '230920210027', 0, 255.5, 10.65),
       ('2021-09-23', 4, 1050, 31, 5, '230920210054', 0, 123, 11.71),
       ('2021-09-24', 3, 6526, 248, 1, '240920210013', 0, 977.7, 14.98),
       ('2021-09-24', 2, 6500, 230, 1, '240920210012', 0, 944.25, 14.53),
       ('2021-09-24', 7, 6250, 234, 1, '240920210017', 0, 905.15, 14.48),
       ('2021-09-24', 6, 6500, 209, 1, '240920210016', 0, 865.6, 13.32),
       ('2021-09-24', 5, 5000, 128, 2, '240920210025', 0, 551.4, 11.03),
       ('2021-09-24', 1, 3500, 95, 3, '240920210031', 95, 359.2, 10.26),
       ('2021-09-27', 7, 6515, 254, 1, '270920210017', 0, 983.1, 15.09),
       ('2021-09-27', 3, 6558, 242, 1, '270920210013', 0, 979.2, 14.93),
       ('2021-09-27', 2, 6650, 234, 1, '270920210012', 0, 907.65, 13.65),
       ('2021-09-27', 6, 6400, 229, 1, '270920210016', 0, 875.4, 13.68),
       ('2021-09-27', 1, 4950, 127, 2, '270920210021', 0, 527.3, 10.65),
       ('2021-09-27', 4, 1080, 29, 5, '270920210054', 0, 120.2, 11.13),
       ('2021-09-28', 3, 6536, 244, 1, '280920210013', 0, 975.25, 14.92),
       ('2021-09-28', 2, 6500, 236, 1, '280920210012', 0, 915.4, 14.08),
       ('2021-09-28', 7, 4850, 122, 2, '280920210027', 0, 520, 10.72),
       ('2021-09-28', 6, 4900, 118, 2, '280920210026', 0, 503.8, 10.28),
       ('2021-09-28', 1, 3500, 93, 3, '280920210031', 93, 342.6, 9.79),
       ('2021-09-28', 4, 1050, 33, 5, '280920210054', 0, 131.6, 12.53),
       ('2021-09-29', 2, 6500, 228, 1, '290920210012', 0, 896.1, 13.79),
       ('2021-09-29', 6, 6500, 210, 1, '290920210016', 0, 859.45, 13.22),
       ('2021-09-29', 3, 4850, 126, 2, '290920210023', 0, 530, 10.93),
       ('2021-09-29', 7, 5000, 121, 2, '290920210027', 0, 520.1, 10.4),
       ('2021-09-29', 4, 1050, 33, 5, '290920210054', 0, 133.3, 12.7),
       ('2021-09-30', 3, 6625, 244, 1, '300920210013', 0, 981.2, 14.81),
       ('2021-09-30', 2, 6550, 225, 1, '300920210012', 0, 928.85, 14.18),
       ('2021-09-30', 7, 4200, 155, 1, '300920210017', 0, 611.4, 14.56),
       ('2021-09-30', 1, 5000, 129, 2, '300920210021', 0, 544.8, 10.9),
       ('2021-09-30', 5, 4800, 124, 2, '300920210025', 0, 525.15, 10.94),
       ('2021-09-30', 6, 4500, 114, 5, '300920210056', 1, 506.2, 11.25),
       ('2021-09-30', 4, 1000, 28, 5, '300920210054', 0, 117.05, 11.71),
       ('2021-10-04', 3, 6530, 258, 1, '41020210013', 0, 1003.2, 15.36),
       ('2021-10-04', 2, 6500, 230, 1, '41020210012', 0, 918.3, 14.13),
       ('2021-10-04', 6, 6500, 222, 1, '41020210016', 0, 885.25, 13.62),
       ('2021-10-04', 7, 3900, 156, 1, '41020210017', 0, 575.35, 14.75),
       ('2021-10-04', 1, 5000, 128, 2, '41020210021', 2, 539.3, 10.79),
       ('2021-10-04', 5, 3200, 88, 5, '41020210055', 0, 393.65, 12.3),
       ('2021-10-05', 3, 6114, 232, 1, '51020210013', 0, 888.4, 14.53),
       ('2021-10-05', 1, 5000, 129, 2, '51020210021', 0, 547.45, 10.95),
       ('2021-10-05', 2, 3000, 80, 3, '51020210032', 80, 272.05, 9.07),
       ('2021-10-05', 5, 2300, 58, 2, '51020210025', 1, 255.8, 11.12),
       ('2021-10-05', 4, 1050, 28, 5, '51020210054', 0, 120.45, 11.47),
       ('2021-10-06', 3, 6540, 249, 1, '61020210013', 0, 971.45, 14.85),
       ('2021-10-06', 2, 6540, 227, 1, '61020210012', 0, 906.75, 13.86),
       ('2021-10-06', 6, 6500, 216, 1, '61020210016', 0, 836.3, 12.87),
       ('2021-10-06', 7, 4200, 103, 2, '61020210027', 0, 414.65, 9.87),
       ('2021-10-06', 4, 1050, 33, 5, '61020210054', 0, 127, 12.1),
       ('2021-10-07', 2, 6500, 225, 1, '71020210012', 0, 887.8, 13.66),
       ('2021-10-07', 6, 6500, 221, 1, '71020210016', 0, 865.3, 13.31),
       ('2021-10-07', 3, 5700, 221, 1, '71020210013', 0, 862.55, 15.13),
       ('2021-10-07', 5, 5300, 132, 2, '71020210025', 0, 575.9, 10.87),
       ('2021-10-07', 1, 3500, 96, 3, '71020210031', 96, 385.2, 11.01),
       ('2021-10-07', 4, 1050, 32, 5, '71020210054', 1, 127.85, 12.18),
       ('2021-10-08', 3, 6530, 237, 1, '81020210013', 0, 961.6, 14.73),
       ('2021-10-08', 5, 4900, 124, 2, '81020210025', 0, 526.9, 10.75),
       ('2021-10-08', 2, 3500, 139, 1, '81020210012', 0, 501.15, 14.32),
       ('2021-10-08', 1, 3500, 98, 3, '81020210031', 98, 384.25, 10.98),
       ('2021-10-08', 7, 2100, 276, 7, '81020210077', 6, 259.5, 12.36),
       ('2021-10-11', 3, 6550, 240, 1, '111020210013', 0, 965.4, 14.74),
       ('2021-10-11', 7, 6537, 242, 1, '111020210017', 0, 943.3, 14.43),
       ('2021-10-11', 2, 6500, 231, 1, '111020210012', 0, 917.95, 14.12),
       ('2021-10-11', 6, 6500, 228, 1, '111020210016', 0, 870.5, 13.39),
       ('2021-10-11', 1, 5000, 129, 2, '111020210021', 0, 543.6, 10.87),
       ('2021-10-11', 5, 4900, 128, 2, '111020210025', 0, 529.3, 10.8),
       ('2021-10-12', 3, 6464, 234, 1, '121020210013', 0, 956.65, 14.8),
       ('2021-10-12', 7, 6420, 230, 1, '121020210017', 0, 924.55, 14.4),
       ('2021-10-12', 2, 6500, 224, 1, '121020210012', 0, 889.2, 13.68),
       ('2021-10-12', 6, 6500, 236, 1, '121020210016', 0, 880.1, 13.54),
       ('2021-10-12', 5, 5000, 128, 2, '121020210025', 0, 547.75, 10.96),
       ('2021-10-12', 1, 3500, 94, 3, '121020210031', 94, 353.8, 10.11),
       ('2021-10-13', 3, 6547, 228, 1, '131020210013', 0, 943.9, 14.42),
       ('2021-10-13', 5, 4000, 146, 1, '131020210015', 0, 540.6, 13.52),
       ('2021-10-13', 2, 4990, 121, 2, '131020210022', 0, 499.9, 10.02),
       ('2021-10-13', 6, 2400, 61, 2, '131020210026', 0, 250.25, 10.43),
       ('2021-10-13', 4, 1050, 31, 5, '131020210054', 0, 124.95, 11.9),
       ('2021-10-14', 2, 6400, 235, 1, '141020210012', 0, 915.35, 14.3),
       ('2021-10-14', 6, 6350, 220, 1, '141020210016', 0, 867.95, 13.67),
       ('2021-10-14', 3, 5750, 211, 1, '141020210013', 0, 834.35, 14.51),
       ('2021-10-14', 5, 4900, 126, 2, '141020210025', 0, 554.4, 11.31),
       ('2021-10-14', 1, 4800, 126, 2, '141020210021', 0, 526.5, 10.97),
       ('2021-10-14', 4, 1050, 34, 5, '141020210054', -1, 131.6, 12.53),
       ('2021-10-15', 3, 6565, 240, 1, '151020210013', 0, 934.1, 14.23),
       ('2021-10-15', 1, 4950, 126, 2, '151020210021', -1, 530.5, 10.72),
       ('2021-10-15', 5, 4900, 120, 2, '151020210025', 0, 519.55, 10.6),
       ('2021-10-15', 2, 3800, 95, 3, '151020210032', 95, 347.3, 9.14),
       ('2021-10-18', 3, 6546, 252, 1, '181020210013', -233, 962.8, 14.71),
       ('2021-10-18', 7, 6568, 233, 1, '181020210017', 106, 942.5, 14.35),
       ('2021-10-18', 2, 6500, 233, 1, '181020210012', 233, 938.45, 14.44),
       ('2021-10-18', 6, 6500, 235, 1, '181020210016', 0, 870.05, 13.39),
       ('2021-10-18', 5, 4900, 125, 2, '181020210025', 110, 535.25, 10.92),
       ('2021-10-18', 1, 5000, 121, 2, '181020210021', 121, 519.05, 10.38),
       ('2021-10-18', 4, 1050, 31, 5, '181020210054', 0, 130.15, 12.4),
       ('2021-10-19', 3, 6540, 242, 1, '191020210013', 0, 1002.95, 15.34),
       ('2021-10-19', 2, 6500, 233, 1, '191020210012', 0, 906.75, 13.95),
       ('2021-10-19', 6, 6550, 229, 1, '191020210016', 0, 904.65, 13.81),
       ('2021-10-19', 5, 4600, 128, 5, '191020210055', 27, 542.5, 11.79),
       ('2021-10-19', 1, 3500, 93, 3, '191020210031', 93, 355.45, 10.16),
       ('2021-10-19', 4, 1050, 33, 5, '191020210054', 0, 138.95, 13.23),
       ('2021-10-20', 3, 6521, 243, 1, '201020210013', 243, 932.8, 14.3),
       ('2021-10-20', 7, 6564, 235, 1, '201020210017', 0, 912.1, 13.9),
       ('2021-10-20', 2, 6700, 230, 1, '201020210012', 0, 872.95, 13.03),
       ('2021-10-20', 6, 6550, 208, 1, '201020210016', 0, 803.65, 12.27),
       ('2021-10-20', 5, 4800, 119, 2, '201020210025', 107, 497.9, 10.37),
       ('2021-10-20', 1, 4800, 120, 2, '201020210021', 120, 491.4, 10.24),
       ('2021-10-20', 4, 1050, 34, 5, '201020210054', 0, 134.75, 12.83),
       ('2021-10-21', 3, 6176, 228, 1, '211020210013', 228, 843.35, 13.66),
       ('2021-10-21', 2, 6500, 215, 1, '211020210012', 215, 830.25, 12.77),
       ('2021-10-21', 5, 4800, 119, 2, '211020210025', 119, 507.85, 10.58),
       ('2021-10-21', 6, 2800, 100, 1, '211020210016', 100, 363.45, 12.98),
       ('2021-10-21', 1, 3500, 93, 3, '211020210031', 93, 357.2, 10.21),
       ('2021-10-22', 7, 6524, 238, 1, '221020210017', 238, 939.25, 14.4),
       ('2021-10-22', 3, 6537, 242, 1, '221020210013', 242, 938.8, 14.36),
       ('2021-10-22', 2, 6500, 228, 1, '221020210012', 228, 842.5, 12.96),
       ('2021-10-22', 1, 4900, 124, 2, '221020210021', 124, 526.7, 10.75),
       ('2021-10-25', 1, 4700, 119, 2, '251020210021', 119, 491.8, 10.46),
       ('2021-10-25', 6, 4400, 115, 5, '251020210056', 95, 487.4, 11.08),
       ('2021-10-25', 2, 4700, 112, 2, '251020210022', 72, 439.75, 9.36),
       ('2021-10-25', 3, 3000, 115, 1, '251020210013', 90, 420.45, 14.02),
       ('2021-10-25', 9, 4000, 92, 2, '251020210029', 92, 411.1, 10.28),
       ('2021-10-25', 7, 2900, 424, 7, '251020210077', 318, 357.7, 12.33),
       ('2021-10-25', 4, 1050, 26, 6, '251020210064', 26, 107.55, 10.24),
       ('2021-10-25', 5, 3800, 97, 3, '251020210035', 85, 103, 2.71),
       ('2021-10-26', 3, 6577, 238, 1, '261020210013', 238, 954.65, 14.51),
       ('2021-10-26', 7, 6587, 240, 1, '261020210017', 240, 919.3, 13.96),
       ('2021-10-26', 2, 6540, 229, 1, '261020210012', 229, 884.8, 13.53),
       ('2021-10-26', 10, 6250, 216, 1, '2610202100110', 0, 855.3, 13.68),
       ('2021-10-26', 6, 6500, 218, 1, '261020210016', 218, 845.8, 13.01),
       ('2021-10-26', 5, 4950, 123, 2, '261020210025', 123, 525.35, 10.61),
       ('2021-10-26', 1, 5000, 124, 2, '261020210021', 124, 518.25, 10.37),
       ('2021-10-26', 4, 1050, 30, 5, '261020210054', 4, 121.1, 11.53),
       ('2021-10-27', 3, 6560, 243, 1, '271020210013', 243, 982.3, 14.97),
       ('2021-10-27', 2, 6500, 230, 1, '271020210012', 230, 907.15, 13.96),
       ('2021-10-27', 7, 6561, 232, 1, '271020210017', 232, 905.5, 13.8),
       ('2021-10-27', 6, 6500, 232, 1, '271020210016', 232, 900.8, 13.86),
       ('2021-10-27', 10, 6550, 225, 1, '2710202100110', 225, 854.85, 13.05),
       ('2021-10-27', 1, 4900, 130, 2, '271020210021', 130, 535.5, 10.93),
       ('2021-10-27', 5, 4950, 127, 2, '271020210025', 127, 535.1, 10.81),
       ('2021-10-27', 4, 1050, 27, 5, '271020210054', 27, 114.55, 10.91),
       ('2021-10-28', 3, 6560, 256, 1, '281020210013', 256, 980.8, 14.95),
       ('2021-10-28', 7, 6538, 248, 1, '281020210017', 248, 940.6, 14.39),
       ('2021-10-28', 2, 6550, 238, 1, '281020210012', 238, 934.6, 14.27),
       ('2021-10-28', 11, 6420, 242, 1, '2810202100111', 242, 912.45, 14.21),
       ('2021-10-28', 10, 6500, 228, 1, '2810202100110', 228, 896.75, 13.8),
       ('2021-10-28', 6, 6500, 228, 1, '281020210016', 228, 867.15, 13.34),
       ('2021-10-28', 1, 5000, 132, 2, '281020210021', 132, 554.5, 11.09),
       ('2021-10-28', 5, 4900, 119, 2, '281020210025', 119, 492.1, 10.04),
       ('2021-10-29', 3, 6520, 226, 1, '291020210013', 226, 925.3, 14.19),
       ('2021-10-29', 7, 6568, 241, 1, '291020210017', 241, 918.2, 13.98),
       ('2021-10-29', 2, 6500, 227, 1, '291020210012', 227, 889, 13.68),
       ('2021-10-29', 6, 6500, 218, 1, '291020210016', 218, 800.45, 12.31),
       ('2021-10-29', 10, 5500, 189, 1, '2910202100110', 189, 757.55, 13.77),
       ('2021-10-29', 5, 4900, 116, 2, '291020210025', 116, 505.6, 10.32),
       ('2021-10-29', 1, 4900, 120, 2, '291020210021', 120, 492.25, 10.05),
       ('2021-11-01', 3, 6525, 227, 1, '11120210013', 227, 909.9, 13.94),
       ('2021-11-01', 7, 6543, 226, 1, '11120210017', 226, 902.35, 13.79),
       ('2021-11-01', 2, 6500, 225, 1, '11120210012', 225, 876.4, 13.48),
       ('2021-11-01', 5, 4900, 123, 2, '11120210025', 123, 514.2, 10.49),
       ('2021-11-01', 1, 4950, 122, 2, '11120210021', 122, 509.4, 10.29),
       ('2021-11-02', 3, 6560, 224, 1, '21120210013', 224, 937.3, 14.29),
       ('2021-11-02', 2, 6500, 215, 1, '21120210012', 215, 864.2, 13.3),
       ('2021-11-02', 6, 6500, 214, 1, '21120210016', 214, 841.5, 12.95),
       ('2021-11-02', 7, 4600, 166, 1, '21120210017', 166, 628.85, 13.67),
       ('2021-11-02', 1, 4850, 122, 2, '21120210021', 122, 495.2, 10.21),
       ('2021-11-02', 4, 1050, 27, 6, '21120210064', 21, 110.3, 10.5),
       ('2021-11-03', 3, 6530, 228, 18, '31120210183', 0, 1011.85, 15.5),
       ('2021-11-03', 6, 6500, 215, 18, '31120210186', 0, 929.15, 14.29),
       ('2021-11-03', 5, 4800, 120, 2, '31120210025', 120, 490.45, 10.22),
       ('2021-11-03', 2, 4900, 118, 2, '31120210022', 118, 463.8, 9.47),
       ('2021-11-04', 3, 6540, 238, 1, '41120210013', 238, 973.65, 14.89),
       ('2021-11-04', 2, 6500, 222, 1, '41120210012', 222, 872.95, 13.43),
       ('2021-11-04', 1, 4950, 129, 2, '41120210021', 129, 535.8, 10.82),
       ('2021-11-05', 3, 6530, 224, 1, '51120210013', 224, 895.1, 13.71),
       ('2021-11-05', 1, 4900, 122, 2, '51120210021', 122, 516.35, 10.54),
       ('2021-11-08', 3, 6524, 253, 1, '81120210013', 253, 988.4, 15.15),
       ('2021-11-08', 2, 6500, 229, 1, '81120210012', 229, 917.75, 14.12),
       ('2021-11-08', 5, 6500, 228, 1, '81120210015', 168, 831.4, 12.79);

INSERT INTO public.tipo_cliente (id, tipo)
VALUES (1, 'Mayorista'),
       (2, 'Minorista'),
       (3, 'Particular'),
       (4, 'Kosher'),
       (5, 'Paraguay'),
       (6, 'Tercerizado');

INSERT INTO public.cliente (nro_cliente, razon_social, id_tipo_cliente, cuit, domicilio, cod_postal, localidad,
                            provincia,
                            pais, transporte, senasa_uta)
VALUES ('101', 'ABDALA, Gustavo', 1, '20-21641332-7', 'Jacob 2830', '3080', 'Esperanza', 'Santa Fe', 'Argentina',
        'Familia Noroña S.A.', '113754'),
       ('102', 'ALBERTINAZZI, Olga Pompeya', 1, '27-11295032-5', 'Hipólito Yrigoyen 1442', '3560', 'Reconquista',
        'Santa Fe', 'Argentina', 'Cerutti, Pablo', '94265'),
       ('103', 'ALEGRI, José César', 1, '20-11660282-3', 'Av. Centenario 4797', '', 'Espeleta',
        'Buenos Aires', 'Argentina', 'Bianchi', '83200'),
       ('104', 'ANGELINO, Raúl (B)', 1, '20-14749883-8', 'Pasaje Héroes de Malvinas 3181', '3016',
        'Santo Tomé', 'Santa Fe', 'Argentina', 'ANGELINO, Raúl', '100770'),
       ('105', 'Asociación Ayuda Niños Especiales (B)', 1, '30-63078914-8', 'Belgrano 2366', '3080',
        'Esperanza', 'Santa Fe', 'Argentina', 'Familia Noroña S.A.', '113754'),
       ('106', 'Asociación Israelita Argentina', 1, '30-63386545-7', 'Agüero 1164', '', 'CABA', '',
        'Argentina', 'Bianchi', '83200'),
       ('107', 'AVALO, Gladys Beatriz', 1, '27-34474887-5', 'Castelli 4237', '3000', 'Santa Fe', 'Santa Fe',
        'Argentina', 'AVALO, José ', '112525'),
       ('111', 'CAPELETTO, AlcnroClientees Fernando', 1, '20-06258228-7', 'Aaron Castellanos 2037', '3080', 'Esperanza',
        'Santa Fe', 'Argentina', 'Familia Noroña S.A.', '113754'),
       ('112', 'CARTHERY, Maximiliano y Hernán', 1, '30-71475762-4', 'San Lorenzo 655', '3050', 'Calchaquí',
        'Santa Fe', 'Argentina', 'Cerutti, Pablo', '94265'),
       ('114', 'Club Atlético Unión', 1, '30-53373191-7', 'AvennroClientea Lopez y Planes 3553', '3000',
        'Santa Fe', 'Santa Fe', 'Argentina', 'Familia Noroña S.A.', '113754'),
       ('115', 'COLLAZO, Luis Marcelo', 1, '23-24588682-9', 'Saenz AvennroClientea 1153', '', 'CABA', '', 'Argentina',
        'Bianchi', '83200'),
       ('117', 'DEAN, Guillermo Horacio', 1, '20-20930803-8', '305 3561', '3561', 'Avellaneda', 'Santa Fe', 'Argentina',
        'Cerutti, Pablo', '94265'),
       ('118', 'DEFAVERI, Edgardo José', 1, '20-16946814-2', 'Alejandro Contini 554', '3032', 'Nelson', 'Santa Fe',
        'Argentina', 'DEFAVERI, Edgardo José', '62658'),
       ('122', 'ENRÍA, Eduado DavnroCliente', 1, '20-21804161-3', 'Mitre 1972', '3013', 'San Carlos Centro',
        'Santa Fe', 'Argentina', 'ENRÍA, Eduado DavnroCliente', '2-232737'),
       ('123', 'Esperanza Combustibles (PETRO)', 1, '33-70833696-9', '', '3080', 'Esperanza', 'Santa Fe', 'Argentina',
        'Familia Noroña S.A.', '113754'),
       ('126', 'GAIANO, Melina (B)', 1, '27-33571974-9', 'Garay 1323', '2000', 'Puerto General San Martín',
        'Santa Fe', 'Argentina', 'Bianchi', '83200'),
       ('129', 'Granjas CARNAVE', 1, '30-70710102-0', 'AvennroClientea Hohenfels 2971', '3080', 'Esperanza', 'Santa Fe',
        'Argentina', 'Granjas CARNAVE', '84362'),
       ('137', 'MÁRQUEZ, Hernán', 1, '20-31628232-7', 'Los Aromos 209', '3018', 'Recreo', 'Santa Fe',
        'Argentina', 'Cerutti, Pablo', '94265'),
       ('138', 'MINGARDI, Jorge Omar', 3, '20-10958644-8', 'Balcarce 1301', '3080', 'Esperanza', 'Santa Fe',
        'Argentina', 'Familia Noroña S.A.', '113754'),
       ('139', 'N y G SRL', 1, '30-71648368-8', 'Sarmiento 1575', '3572', 'Malabrigo', 'Santa Fe', 'Argentina',
        'Cerutti, Pablo', '94265'),
       ('141', 'OJEDA, Gustavo Ramón', 3, '20-28301565-4', 'Mitre 615', '3450', 'Goya', 'Corrientes', 'Argentina',
        'ENRÍA, Eduado DavnroCliente', '2-232737'),
       ('145', 'PENAYO, Martin Santiago (INGECON SRL)', 5, '30-71178713-1', 'Hipolito Yrigoyen 4950', '3600', 'Formosa',
        'Formosa', 'Argentina', '', '2-232737'),
       ('147', 'PRESSER, Esteban Ariel', 1, '20-26043159-6', 'Jacob 2881', '3080', 'Esperanza', 'Santa Fe', 'Argentina',
        'Familia Noroña S.A.', '113754'),
       ('148', 'REGONAT, Elvio Omar', 1, '20-08507315-0', 'Calle 10 121', '3561', 'Avellaneda', 'Santa Fe', 'Argentina',
        'Cerutti, Pablo', '94265'),
       ('155', 'TALLEI, Edgardo Abel', 3, '20-17472456-4', '25 de Mayo 1835', '2170', 'Casilda', 'Santa Fe',
        'Argentina', 'Bianchi', '83200'),
       ('158', 'VRANJES, Marcio Román (B)', 1, '20-23082841-6', 'AvennroClientea Uriburu y Oroño', '2000',
        'Rosario', 'Santa Fe', 'Argentina', 'Bianchi', '83200'),
       ('159', 'ZULIANI, Mariano (B)', 1, '20-30501923-3', 'Mahatma Gandhi 1465', '3018', 'Recreo', 'Santa Fe',
        'Argentina', 'ZULIANI, Mariano', '81064'),
       ('160', 'HnroClienteALGO, Lucas', 1, '20-29115738-7', 'Italia 781', '3080', 'Esperanza', 'Santa Fe', 'Argentina',
        'HnroClienteALGO, Lucas', '115568');

INSERT INTO public.precio (id_tipo_cliente, id_queso, valor, id)
VALUES (1, 001, 371.00, 1),
       (1, 002, 486.00, 2),
       (1, 003, 550.00, 3),
       (1, 004, 580.00, 4),
       (1, 005, 451.00, 5),
       (1, 006, 465.00, 6),
       (1, 007, 431.00, 7),
       (1, 008, 850.00, 8),
       (1, 009, 620.00, 9),
       (1, 010, 400.00, 10),
       (1, 012, 400.00, 11),
       (1, 013, 400.00, 12),
       (1, 014, 320.00, 13),
       (6, 016, 492.00, 15),
       (6, 017, 556.00, 16),
       (6, 018, 586.00, 17),
       (6, 019, 457.00, 18),
       (6, 020, 471.00, 19),
       (6, 001, 437.00, 20),
       (6, 002, 850.00, 21),
       (6, 003, 620.00, 22),
       (6, 004, 620.00, 23),
       (6, 015, 406.00, 24),
       (4, 001, 393.00, 27),
       (4, 002, 515.00, 28),
       (4, 004, 605.00, 30),
       (4, 005, 484.00, 31),
       (4, 006, 490.00, 32),
       (4, 007, 459.00, 33),
       (4, 008, 220.00, 34),
       (4, 017, 423.00, 35),
       (4, 018, 319.00, 36),
       (4, 012, 320.00, 37),
       (5, 008, 404.00, 38),
       (5, 002, 530.00, 39),
       (5, 003, 589.00, 40),
       (5, 004, 623.00, 41),
       (5, 005, 490.00, 42),
       (5, 006, 504.00, 43),
       (5, 011, 473.00, 44),
       (3, 001, 445.20, 45),
       (3, 002, 583.20, 46),
       (3, 003, 660.00, 47),
       (3, 004, 696.00, 48),
       (3, 005, 541.20, 49),
       (3, 006, 558.00, 50),
       (3, 007, 517.20, 51),
       (3, 008, 850.00, 52),
       (3, 009, 620.00, 53),
       (3, 010, 264.00, 54),
       (3, 011, 480.00, 55),
       (3, 018, 319.00, 56),
       (3, 013, 320.00, 57),
       (2, 001, 400.70, 58),
       (2, 002, 524.90, 59),
       (2, 003, 594.00, 60),
       (2, 011, 626.40, 61),
       (2, 005, 487.10, 62),
       (2, 006, 502.20, 63),
       (2, 007, 465.50, 64),
       (2, 008, 850.00, 65),
       (2, 009, 680.00, 66),
       (2, 010, 237.60, 67),
       (2, 018, 319.00, 69),
       (2, 012, 320.00, 70);

INSERT INTO public.expedicion (id, fecha_expedicion, cantidad, peso, importe, nro_cliente, id_lote, on_remito)
VALUES (1, '2021-11-08', 216, 855.3, 62658.00, '118', '2610202100110', false);

-- las passwords son sus user
INSERT INTO public.user_details (id, username, enabled, firstname, lastname, password, token_expired)
VALUES (1, 'admin', true, 'admin', 'admin', '$2a$10$T1Abj2rU26bFckix86rrqO312ZaiSnUZRCfTthk7g8zn/dx7UKqaa', true),
       (2, 'seller', true, 'seller', 'seller', '$2a$10$or2h/PmYIdzqF2V1qBaXBOTycch/.f4QZbdu4Vkp5FHTe0ZYXcIgm', true),
       (3, 'user', true, 'user', 'user', '$2a$10$5DjFH2mVRxj9yBId6arDLuAbnDMowDfTpXOHvkVBLQ8ep7X2bFLei', true);

INSERT INTO public.role (name)
VALUES ('ROLE_ADMIN'),
       ('ROLE_SELLER'),
       ('ROLE_USER');

INSERT INTO public.user_roles (user_id, role_name)
VALUES (1, 'ROLE_ADMIN'),
       (2, 'ROLE_SELLER'),
       (3, 'ROLE_USER');

INSERT INTO public.privilege (name, path)
VALUES ('CARGAR_EXPEDICIONES', '/cargar/expedicion'),
       ('CARGAR_LOTES', '/cargar/lotes'),
       ('CARGAR_PRECIOS', '/cargar/precios'),
       ('CARGAR_QUESOS', '/cargar/quesos'),
       ('CLIENTES', '/clientes'),
       ('EMITIR_REMITO', '/emitir/remito'),
       ('MANTENIMIENTO', '/mantenimiento'),
       ('RENDIMIENTO', '/rendimiento'),
       ('STOCK_EMBALAJE', '/stock/embalaje'),
       ('STOCK_PRODUCTOS', '/stock/productos'),
       ('VER_LITROS', '/ver/litros'),
       ('VER_REMITOS', '/ver/remitos'),
       ('VER_PRODUCCION', '/ver/produccion'),
       ('VER_TRAZABILIDAD', '/ver/trazabilidad'),
       ('VER_VENTAS', '/ver/ventas');

INSERT INTO public.role_privileges (role_name, privilege_name)
VALUES ('ROLE_ADMIN', 'CARGAR_EXPEDICIONES'),
       ('ROLE_ADMIN', 'CARGAR_LOTES'),
       ('ROLE_ADMIN', 'CARGAR_PRECIOS'),
       ('ROLE_ADMIN', 'CARGAR_QUESOS'),
       ('ROLE_ADMIN', 'CLIENTES'),
       ('ROLE_ADMIN', 'CLIENTES'),
       ('ROLE_ADMIN', 'EMITIR_REMITO'),
       ('ROLE_ADMIN', 'MANTENIMIENTO'),
       ('ROLE_ADMIN', 'RENDIMIENTO'),
       ('ROLE_ADMIN', 'STOCK_EMBALAJE'),
       ('ROLE_ADMIN', 'STOCK_PRODUCTOS'),
       ('ROLE_ADMIN', 'VER_LITROS'),
       ('ROLE_ADMIN', 'VER_PRODUCCION'),
       ('ROLE_ADMIN', 'VER_TRAZABILIDAD'),
       ('ROLE_ADMIN', 'VER_VENTAS'),
       ('ROLE_ADMIN', 'VER_REMITOS'),
       ('ROLE_SELLER', 'CARGAR_EXPEDICIONES'),
       ('ROLE_SELLER', 'CARGAR_PRECIOS'),
       ('ROLE_SELLER', 'EMITIR_REMITO'),
       ('ROLE_SELLER', 'RENDIMIENTO'),
       ('ROLE_SELLER', 'VER_LITROS'),
       ('ROLE_SELLER', 'VER_PRODUCCION'),
       ('ROLE_SELLER', 'VER_TRAZABILIDAD'),
       ('ROLE_SELLER', 'VER_VENTAS'),
       ('ROLE_USER', 'CARGAR_LOTES'),
       ('ROLE_USER', 'CARGAR_QUESOS'),
       ('ROLE_USER', 'MANTENIMIENTO'),
       ('ROLE_USER', 'STOCK_EMBALAJE'),
       ('ROLE_USER', 'STOCK_PRODUCTOS');