INSERT INTO public.Queso (idQueso,codigoQueso,nomenclatura,tipoQueso)
VALUES ( 001, '001', 'C', 'Cremoso'),
    ( 002, '002', 'B', 'Barra'),
    ( 003, '003', 'S', 'Sardo'),
    ( 004, '004', 'P', 'Pategras'),
    ( 005, '005', 'M', 'Muzzarella'),
    ( 006, '006', 'CH', 'Chedar'),
    ( 007, '007', 'PS', 'Por Salut'),
    ( 008, '008', 'SE', 'Sardo Estacionado'),
    ( 009, '009', 'F', 'Fontina'),
    ( 010, '010', 'R', 'Ricota'),
    ( 011, '011', 'CC', 'Cremoso x Kilo'),
    ( 016, '016', 'SC', 'Sardo Cabra'),
    ( 017, '017', 'SCS', 'Sardo Cabra Saborizado'),
    ( 020, '020', 'SS', 'Sardo Saborizado'),
    ( 012, '012', 'BV', 'Bouche Vaca'),
    ( 013, '013', 'BC', 'Bouche Cabra'),
    ( 014, '014', 'Cam', 'Camembert'),
    ( 015, '015', 'Az', 'Azul'),
    ( 018, '018', 'Mig', 'Miguelacho'),
    ( 040, '040', 'Crema', 'Crema');

INSERT INTO public.Lote (fechaElaboracion,numeroTina,litrosLeche,cantHormas,queso,idLote,peso,rendimiento,stockLote)
VALUES  ('10/22/2021',1,4900,124,'002','221020210021',526.7,10.75,0),
('10/22/2021',2,6500,228,'001','221020210012',842.5,12.96,0),
('10/22/2021',3,6537,242,'001','221020210013',938.8,14.36,0),
('10/22/2021',7,6524,238,'001','221020210017',939.25,14.40,0),
('10/25/2021',1,4700,119,'002','251020210021',491.8,10.46,0),
('10/25/2021',2,4700,112,'002','251020210022',439.75,9.36,0),
('10/25/2021',3,3000,115,'001','251020210013',420.45,14.02,0),
('10/25/2021',4,1050,26,'006','251020210064',107.55,10.24,0),
('10/25/2021',5,3800,97,'003','251020210035',103,2.71,0),
('10/25/2021',6,4400,115,'005','251020210056',487.4,11.08,0),
('10/25/2021',7,2900,424,'007','251020210077',357.7,12.33,0),
('10/25/2021',8,1050,12,'009','251020210098',0,0.00,0),
('10/25/2021',9,4000,92,'002','251020210029',411.1,10.28,0),
('10/26/2021',1,5000,124,'002','261020210021',518.25,10.37,0),
('10/26/2021',2,6540,229,'001','261020210012',884.8,13.53,0),
('10/26/2021',3,6577,238,'001','261020210013',954.65,14.51,0),
('10/26/2021',4,1050,30,'005','261020210054',121.1,11.53,0),
('10/26/2021',5,4950,123,'002','261020210025',525.35,10.61,0),
('10/26/2021',6,6500,218,'001','261020210016',845.8,13.01,0),
('10/26/2021',7,6587,240,'001','261020210017',919.3,13.96,0),
('10/26/2021',10,6250,216,'001','2610202100110',855.3,13.68,0),
('10/27/2021',1,4900,130,'002','271020210021',535.5,10.93,0),
('10/27/2021',2,6500,230,'001','271020210012',907.15,13.96,0),
('10/27/2021',3,6560,243,'001','271020210013',982.3,14.97,0),
('10/27/2021',4,1050,27,'005','271020210054',114.55,10.91,0),
('10/27/2021',5,4950,127,'002','271020210025',535.1,10.81,0),
('10/27/2021',6,6500,232,'001','271020210016',900.8,13.86,0),
('10/27/2021',7,6561,232,'001','271020210017',905.5,13.80,0),
('10/27/2021',10,6550,225,'001','2710202100110',854.85,13.05,0),
('10/28/2021',1,5000,132,'002','281020210021',554.5,11.09,0),
('10/28/2021',2,6550,238,'001','281020210012',934.6,14.27,0),
('10/28/2021',3,6560,256,'001','281020210013',980.8,14.95,0),
('10/28/2021',5,4900,119,'002','281020210025',492.1,10.04,0),
('10/28/2021',6,6500,228,'001','281020210016',867.15,13.34,0),
('10/28/2021',7,6538,248,'001','281020210017',940.6,14.39,0),
('10/28/2021',10,6500,228,'001','2810202100110',896.75,13.80,0),
('10/28/2021',11,6420,242,'001','2810202100111',912.45,14.21,0);
 
INSERT INTO public.TipoCliente (idTipoCliente,tipo)
VALUES (1,'Mayorista'),
	(2,'Minorista'),
	(3,'Particular'),
	(4,'Kosher'),
	(5,'Paraguay'),
	(6,'Tercerizado');

INSERT INTO public.Cliente (nroCliente,razonSocial,tipoCliente,cuit,domicilio,codPostal,localidad,provincia,pais,transporte,senasaUta)
VALUES	('101', 'ABDALA, Gustavo', 1, '20-21641332-7', 'Jacob 2830', '3080', 'Esperanza', 'Santa Fe', 'Argentina', 'Familia Noro\u00f1a S.A.', '113754'),
    ('102', 'ALBERTINAZZI, Olga Pompeya', 1, '27-11295032-5', 'Hip\u00f3lito Yrigoyen 1442', '3560', 'Reconquista', 'Santa Fe', 'Argentina', 'Cerutti, Pablo', '94265'),
    ('103', 'ALEGRI, Jos\u00e9 C\u00e9sar', 1, '20-11660282-3', 'Av. Centenario 4797', '', 'Espeleta', 'Buenos Aires', 'Argentina', 'Bianchi', '83200'),
    ('104', 'ANGELINO, Ra\u00fal (B)', 1, '20-14749883-8', 'Pasaje H\u00e9roes de Malvinas 3181', '3016', 'Santo Tom\u00e9', 'Santa Fe', 'Argentina', 'ANGELINO, Ra\u00fal', '100770'),
    ('105', 'Asociaci\u00f3n Ayuda Ni\u00f1os Especiales (B)', 1, '30-63078914-8', 'Belgrano 2366', '3080', 'Esperanza', 'Santa Fe', 'Argentina', 'Familia Noro\u00f1a S.A.', '113754'),
    ('106', 'Asociaci\u00f3n Israelita Argentina', 1, '30-63386545-7', 'Ag\u00fcero 1164', '', 'CABA', '', 'Argentina', 'Bianchi', '83200'),
    ('107', 'AVALO, Gladys Beatriz', 1, '27-34474887-5', 'Castelli 4237', '3000', 'Santa Fe', 'Santa Fe', 'Argentina', 'AVALO, Jos\u00e9 ', '112525'),
    ('111', 'CAPELETTO, AlcnroClientees Fernando', 1, '20-06258228-7', 'Aaron Castellanos 2037', '3080', 'Esperanza', 'Santa Fe', 'Argentina', 'Familia Noro\u00f1a S.A.', '113754'),
    ('112', 'CARTHERY, Maximiliano y Hern\u00e1n', 1, '30-71475762-4', 'San Lorenzo 655', '3050', 'Calchaqu\u00ed', 'Santa Fe', 'Argentina', 'Cerutti, Pablo', '94265'),
    ('114', 'Club Atl\u00e9tico Uni\u00f3n', 1, '30-53373191-7', 'AvennroClientea Lopez y Planes 3553', '3000', 'Santa Fe', 'Santa Fe', 'Argentina', 'Familia Noro\u00f1a S.A.', '113754'),
    ('115', 'COLLAZO, Luis Marcelo', 1, '23-24588682-9', 'Saenz AvennroClientea 1153', '', 'CABA', '', 'Argentina', 'Bianchi', '83200'),
    ('117', 'DEAN, Guillermo Horacio', 1, '20-20930803-8', '305 3561', '3561', 'Avellaneda', 'Santa Fe', 'Argentina', 'Cerutti, Pablo', '94265'),
    ('118', 'DEFAVERI, Edgardo Jos\u00e9', 1, '20-16946814-2', 'Alejandro Contini 554', '3032', 'Nelson', 'Santa Fe', 'Argentina', 'DEFAVERI, Edgardo Jos\u00e9', '62658'),
    ('122', 'ENR\u00cdA, Eduado DavnroCliente', 1, '20-21804161-3', 'Mitre 1972', '3013', 'San Carlos Centro', 'Santa Fe', 'Argentina', 'ENR\u00cdA, Eduado DavnroCliente', '2-232737'),
    ('123', 'Esperanza Combustibles (PETRO)', 1, '33-70833696-9', '', '3080', 'Esperanza', 'Santa Fe', 'Argentina', 'Familia Noro\u00f1a S.A.', '113754'),
    ('126', 'GAIANO, Melina (B)', 1, '27-33571974-9', 'Garay 1323', '2000', 'Puerto General San Mart\u00edn', 'Santa Fe', 'Argentina', 'Bianchi', '83200'),
    ('129', 'Granjas CARNAVE', 1, '30-70710102-0', 'AvennroClientea Hohenfels 2971', '3080', 'Esperanza', 'Santa Fe', 'Argentina', 'Granjas CARNAVE', '84362'),
    ('137', 'M\u00c1RQUEZ, Hern\u00e1n', 1, '20-31628232-7', 'Los Aromos 209', '3018', 'Recreo', 'Santa Fe', 'Argentina', 'Cerutti, Pablo', '94265'),
    ('138', 'MINGARDI, Jorge Omar', 3, '20-10958644-8', 'Balcarce 1301', '3080', 'Esperanza', 'Santa Fe', 'Argentina', 'Familia Noro\u00f1a S.A.', '113754'),
    ('139', 'N y G SRL', 1, '30-71648368-8', 'Sarmiento 1575', '3572', 'Malabrigo', 'Santa Fe', 'Argentina', 'Cerutti, Pablo', '94265'),
    ('141', 'OJEDA, Gustavo Ram\u00f3n', 3, '20-28301565-4', 'Mitre 615', '3450', 'Goya', 'Corrientes', 'Argentina', 'ENR\u00cdA, Eduado DavnroCliente', '2-232737'),
    ('145', 'PENAYO, Martin Santiago (INGECON SRL)', 5, '30-71178713-1', 'Hipolito Yrigoyen 4950', '3600', 'Formosa', 'Formosa', 'Argentina', '', '2-232737'),
    ('147', 'PRESSER, Esteban Ariel', 1, '20-26043159-6', 'Jacob 2881', '3080', 'Esperanza', 'Santa Fe', 'Argentina', 'Familia Noro\u00f1a S.A.', '113754'),
    ('148', 'REGONAT, Elvio Omar', 1, '20-08507315-0', 'Calle 10 121', '3561', 'Avellaneda', 'Santa Fe', 'Argentina', 'Cerutti, Pablo', '94265'),
    ('155', 'TALLEI, Edgardo Abel', 3, '20-17472456-4', '25 de Mayo 1835', '2170', 'Casilda', 'Santa Fe', 'Argentina', 'Bianchi', '83200'),
    ('158', 'VRANJES, Marcio Rom\u00e1n (B)', 1, '20-23082841-6', 'AvennroClientea Uriburu y Oro\u00f1o', '2000', 'Rosario', 'Santa Fe', 'Argentina', 'Bianchi', '83200'),
    ('159', 'ZULIANI, Mariano (B)', 1, '20-30501923-3', 'Mahatma Gandhi 1465', '3018', 'Recreo', 'Santa Fe', 'Argentina', 'ZULIANI, Mariano', '81064'),
    ('160', 'HnroClienteALGO, Lucas', 1, '20-29115738-7', 'Italia 781', '3080', 'Esperanza', 'Santa Fe', 'Argentina', 'HnroClienteALGO, Lucas', '115568'),
    ('162', 'PRESSER, Esteban Ariel 2', 1, '20-26043159-6', 'Jacob 2881', '3080', 'Esperanza', 'Santa Fe', 'Argentina', 'Familia Noro\u00f1a S.A.', '113754');

INSERT INTO public.Precio (idTipoCliente,codigoQueso,precio,idPrecio)
VALUES (1,'001',371.00 ,1),
(1,'002',486.00 ,2),
(1,'003',550.00 ,3),
(1,'004',580.00 ,4),
(1,'005',451.00 ,5),
(1,'006',465.00 ,6),
(1,'007',431.00 ,7),
(1,'008',850.00 ,8),
(1,'009',620.00 ,9),
(1,'011',400.00 ,10),
(1,'040',320.00 ,13),
(6,'001',377.00 ,14),
(6,'002',492.00 ,15),
(6,'003',556.00 ,16),
(6,'004',586.00 ,17),
(6,'005',457.00 ,18),
(6,'006',471.00 ,19),
(6,'007',437.00 ,20),
(6,'008',850.00 ,21),
(6,'009',620.00 ,22),
(6,'009',620.00 ,23),
(6,'011',406.00 ,24),
(6,'018',319.00 ,25),
(6,'040',320.00 ,26),
(4,'001',393.00 ,27),
(4,'002',515.00 ,28),
(4,'003',572.00 ,29),
(4,'004',605.00 ,30),
(4,'005',484.00 ,31),
(4,'006',490.00 ,32),
(4,'007',459.00 ,33),
(4,'010',220.00 ,34),
(4,'011',423.00 ,35),
(4,'018',319.00 ,36),
(4,'040',320.00 ,37),
(5,'001',404.00 ,38),
(5,'002',530.00 ,39),
(5,'003',589.00 ,40),
(5,'004',623.00 ,41),
(5,'005',490.00 ,42),
(5,'006',504.00 ,43),
(5,'007',473.00 ,44),
(3,'001',445.20 ,45),
(3,'002',583.20 ,46),
(3,'003',660.00 ,47),
(3,'004',696.00 ,48),
(3,'005',541.20 ,49),
(3,'006',558.00 ,50),
(3,'007',517.20 ,51),
(3,'008',850.00 ,52),
(3,'009',620.00 ,53),
(3,'010',264.00 ,54),
(3,'011',480.00 ,55),
(3,'018',319.00 ,56),
(3,'040',320.00 ,57),
(2,'001',400.70 ,58),
(2,'002',524.90 ,59),
(2,'003',594.00 ,60),
(2,'004',626.40 ,61),
(2,'005',487.10 ,62),
(2,'006',502.20 ,63),
(2,'007',465.50 ,64),
(2,'008',850.00 ,65),
(2,'009',680.00 ,66),
(2,'010',237.60 ,67),
(2,'011',432.00 ,68),
(2,'018',319.00 ,69),
(2,'040',320.00 ,70);

INSERT INTO public.Expedicion (idExpedicion,fechaExpedicion,cantidad,peso,importe,nroCliente,idLote)
VALUES (1,'11/8/2021',216,855.3,62658.00,'118','2610202100110');
